{"train/box_loss": 0.95021, "train/seg_loss": 1.54618, "train/cls_loss": 0.71099, "train/dfl_loss": 0.99168, "_timestamp": 1689840203.025159, "lr/pg0": 0.0015850000000000003, "lr/pg1": 0.0015850000000000003, "lr/pg2": 0.0015850000000000003, "metrics/precision(B)": 0.95963, "metrics/recall(B)": 1.0, "metrics/mAP50(B)": 0.995, "metrics/mAP50-95(B)": 0.58982, "metrics/precision(M)": 0.86691, "metrics/recall(M)": 0.9, "metrics/mAP50(M)": 0.83217, "metrics/mAP50-95(M)": 0.35555, "val/box_loss": 1.14684, "val/seg_loss": 1.47991, "val/cls_loss": 0.61427, "val/dfl_loss": 0.98378, "model/parameters": 11790870, "model/GFLOPs": 0.0, "model/speed(ms)": 29.172, "_runtime": 85.32359194755554, "_step": 19, "train_batch0": {"_type": "image-file", "sha256": "ba92be4dc551dba568773d07a0f49a66fe4889f2841a02286b81b3c4a18cd19f", "size": 389581, "path": "media/images/train_batch0_2_ba92be4dc551dba56877.jpg", "format": "jpg", "width": 1408, "height": 1408}, "train_batch1": {"_type": "image-file", "sha256": "628e5fb45f70ea1b0961f9011bbc51a42be1a88e60c15774c23f7db64801d255", "size": 362342, "path": "media/images/train_batch1_2_628e5fb45f70ea1b0961.jpg", "format": "jpg", "width": 1408, "height": 1408}, "train_batch2": {"_type": "image-file", "sha256": "6bf8d05e0b2f8f7cfdd15a29e0981ea813e69dd5895cca2ace7a1b0f3ec7fce9", "size": 380688, "path": "media/images/train_batch2_2_6bf8d05e0b2f8f7cfdd1.jpg", "format": "jpg", "width": 1408, "height": 1408}}