{"train/box_loss": 0.96335, "train/seg_loss": 1.61503, "train/cls_loss": 0.7493, "train/dfl_loss": 0.97011, "_timestamp": 1689830822.2112947, "lr/pg0": 0.0015850000000000003, "lr/pg1": 0.0015850000000000003, "lr/pg2": 0.0015850000000000003, "metrics/precision(B)": 0.98521, "metrics/recall(B)": 0.96154, "metrics/mAP50(B)": 0.9925, "metrics/mAP50-95(B)": 0.63373, "metrics/precision(M)": 0.98521, "metrics/recall(M)": 0.96154, "metrics/mAP50(M)": 0.9925, "metrics/mAP50-95(M)": 0.42145, "val/box_loss": 1.12597, "val/seg_loss": 1.48163, "val/cls_loss": 0.62254, "val/dfl_loss": 0.97575, "model/parameters": 11790870, "model/GFLOPs": 0.0, "model/speed(ms)": 70.694, "_runtime": 423.8079466819763, "_step": 19, "train_batch0": {"_type": "image-file", "sha256": "2f9cf6eeac9edb0a1813d16b6335da20ba46c2dcdb4df650b4aef70967168d2b", "size": 394680, "path": "media/images/train_batch0_2_2f9cf6eeac9edb0a1813.jpg", "format": "jpg", "width": 1408, "height": 1408}, "train_batch1": {"_type": "image-file", "sha256": "371fe78e2c93f3605093d6e28c04dd8a9265c02ffaf383abb8861906e40241a4", "size": 374363, "path": "media/images/train_batch1_2_371fe78e2c93f3605093.jpg", "format": "jpg", "width": 1408, "height": 1408}, "train_batch2": {"_type": "image-file", "sha256": "03cc2718713523cfe43ddf6b1467df1708c2979811e1fc5ff928208b6ea4e228", "size": 398526, "path": "media/images/train_batch2_2_03cc2718713523cfe43d.jpg", "format": "jpg", "width": 1408, "height": 1408}}